Workbook

Sheet Trabajadores
A1: ACTUALIZADO DE VACACIONES
A4: NOMBRE COMPLETO | B4: SUCURSAL | C4: FECHA INGRESO | D4: DIAS OTORGADOS | E4: DIAS TOMADOS | F4: DÍAS RESTANTES | G4: SALARIO DIARIO | I4: LEYENDA
A5: ANGELICA AZUCENA GONZALEZ | B5: ATLACOMULC | C5: 44364 | D5: 20 | E5: 6 | F5: =D5-E5 -> 14 | G5: 333.33 | J5: PERSONAL DE INGRESO EN 2026
A6: ELIOT SERRANO SANCHEZ | B6: ATLACOMULC | C6: 45488 | D6: 12 | E6: 12 | F6: =D6-E6 -> 0 | G6: 333.33 | J6: 10 o más días restantes
A7: LUIS ANGEL CRUZ VELAZQUEZ | B7: ATLACOMULC | C7: 45575 | D7: 14 | E7: 0 | F7: =D7-E7 -> 14 | G7: 315.04 | J7: Vacaciones agotadas (0)
A8: JOSE GUADALUPE CAMACHO | B8: ATLACOMULC | C8: 46086 | D8: 12 | E8: 0 | F8: =D8-E8 -> 12 | G8: 315.04 | J8: Días tomados mayores a otorgados
A9: LUIS CARLOS LOVERA CASIMIRO | B9: ATLACOMULC | C9: 46128 | D9: 12 | E9: 0 | F9: =D9-E9 -> 12 | G9: 315.04
A10: LUIS ANGEL LOPEZ RAMIREZ | B10: ATLIXCO | C10: 43635 | D10: 20 | E10: 4 | F10: =D10-E10 -> 16 | G10: 366.67
A11: SAUL VALERIO VALENTIN | B11: ATLIXCO | C11: 45818 | D11: 12 | E11: 0 | F11: =D11-E11 -> 12 | G11: 315.04
A12: DAVID GAMBOA CANO | B12: ATLIXCO | C12: 45790 | D12: 12 | E12: 2 | F12: =D12-E12 -> 10 | G12: 315.04
A13: JORGE IVAN FUENTES PASTRANA | B13: ATLIXCO | C13: 46042 | D13: 12 | E13: 0 | F13: =D13-E13 -> 12 | G13: 315.04
A14: RAFAEL PEREZ CHAO | B14: ATLIXCO | C14: 46056 | D14: 12 | E14: 0 | F14: =D14-E14 -> 12 | G14: 315.04
A15: RAMSES LEONIDES ROJAS PEREZ | B15: ATLIXCO | C15: 46051 | D15: 12 | E15: 0 | F15: =D15-E15 -> 12 | G15: 333.33
A16: JOAQUIN GENIS SANCHEZ | B16: ATLIXCO | C16: 46261 | D16: 12 | E16: 0 | F16: =D16-E16 -> 12 | G16: 315.04
A17: RICARDO ROCHA MORA | B17: CORDOBA | C17: 44279 | D17: 20 | E17: 7 | F17: =D17-E17 -> 13 | G17: 366.67
A18: ERNESTO LOPEZ LOPEZ | B18: CORDOBA | C18: 44461 | D18: 20 | E18: 1 | F18: =D18-E18 -> 19 | G18: 315.04
A19: ISAIT DANIEL REYES DE LOS | B19: CORDOBA | C19: 45679 | D19: 12 | E19: 11 | F19: =D19-E19 -> 1 | G19: 315.04
A20: HESIQUIO MARTINEZ ZUÑIGA | B20: CORDOBA | C20: 45957 | D20: 12 | E20: 0 | F20: =D20-E20 -> 12 | G20: 333.33
... A104: EDGAR EDUARDO PEREZ BONILLA | B104: TULA | C104: 46286 | D104: 12 | E104: 0 | F104: =D104-E104 -> 12 | G104: 315.04
A105: ZURIEL AVILA MARTINEZ | B105: CORPORATIVO | C105: 03/10/2016 | D105: 20 | E105: 15 | F105: =D105-E105 -> 5 | G105: 2714.3
A106: MARTHA ELENA MEJÍA MORA | B106: CORPORATIVO | C106: 29/06/2021 | D106: 20 | E106: 20 | F106: =D106-E106 -> 0 | G106: 900
A107: OSCAR GUERRERO DÍAZ | B107: CORPORATIVO | C107: 30/05/2022 | D107: 18 | E107: 2 | F107: =D107-E107 -> 16 | G107: 315.04
A108: ALONSO GÓMEZ PÉREZ | B108: CORPORATIVO | C108: 30/05/2022 | D108: 18 | E108: 1 | F108: =D108-E108 -> 17 | G108: 533.34
A109: JUAN MANUEL PANTALEÓN CRUZ | B109: CORPORATIVO | C109: 09/12/2022 | D109: 16 | E109: 4 | F109: =D109-E109 -> 12 | G109: 633.33
A110: NORMA ANGELICA JIMENEZ | B110: CORPORATIVO | C110: 29/05/2023 | D110: 16 | E110: 5 | F110: =D110-E110 -> 11 | G110: 833.33
A111: KEVIN EMMANUEL HERNANDEZ | B111: CORPORATIVO | C111: 18/01/2024 | D111: 13 | E111: 4 | F111: =D111-E111 -> 9 | G111: 500
A112: DOMINGA MACARIA CANTÚ | B112: CORPORATIVO | C112: 14/02/2024 | D112: 14 | E112: 6 | F112: =D112-E112 -> 8 | G112: 380
A113: ANGELICA LIBREROS SANDOVAL | B113: CORPORATIVO | C113: 01/10/2025 | D113: 12 | E113: 0 | F113: =D113-E113 -> 12 | G113: 347.25
A114: DANIELA DOMINGUEZ | B114: CORPORATIVO | C114: 15/08/2022 | D114: 18 | E114: 5 | F114: =D114-E114 -> 13 | G114: 315.04
A115: WENDY JANNETE FLORES | B115: CORPORATIVO | C115: 22/04/2024 | D115: 14 | E115: 1 | F115: =D115-E115 -> 13 | G115: 315.04
A116: JOSE ALBERTO CARLOS BUENO | B116: CORPORATIVO | C116: 12/02/2024 | D116: 14 | E116: 14 | F116: =D116-E116 -> 0 | G116: 1333.33
... A129: MARIANA GOMEZ POPOCA | B129: CORPORATIVO | C129: 14/07/2026 | D129: 12 | E129: 0 | F129: =D129-E129 -> 12 | G129: 466.67
A130: BLANCA CECILIA CRUZ RUIZ | B130: CORPORATIVO | C130: 19/08/2026

Sheet Resumen
A1: RESUMEN DE VACACIONES POR SUCURSAL
A4: SUCURSAL | B4: TRABAJADORES | C4: INGRESOS 2026 | D4: DÍAS OTORGADOS | E4: DÍAS TOMADOS | F4: DÍAS RESTANTES | G4: % USADO
A5: ATLACOMULC | B5: =COUNTIF(Trabajadores!$B$5:$B$499,A5) -> 5 | C5: =COUNTIFS(Trabajadores!$B$5:$B$499,A5,Trabajadores!$C$5:$C$499,">="&DATE(2026,1,1),Trabajadores!$C$5:$C$499,"<="&DATE(2026,12,31)) -> 2 | D5: =SUMIF(Trabajadores!$B$5:$B$499,A5,Trabajadores!$D$5:$D$499) -> 70 | E5: =SUMIF(Trabajadores!$B$5:$B$499,A5,Trabajadores!$E$5:$E$499) -> 18 | F5: =D5-E5 -> 52 | G5: =IFERROR(E5/D5,0) -> 0.25714286
A6: ATLIXCO | B6: =COUNTIF(Trabajadores!$B$5:$B$499,A6) -> 7 | C6: =COUNTIFS(Trabajadores!$B$5:$B$499,A6,Trabajadores!$C$5:$C$499,">="&DATE(2026,1,1),Trabajadores!$C$5:$C$499,"<="&DATE(2026,12,31)) -> 4 | D6: =SUMIF(Trabajadores!$B$5:$B$499,A6,Trabajadores!$D$5:$D$499) -> 92 | E6: =SUMIF(Trabajadores!$B$5:$B$499,A6,Trabajadores!$E$5:$E$499) -> 6 | F6: =D6-E6 -> 86 | G6: =IFERROR(E6/D6,0) -> 0.065217391
A7: CORDOBA | B7: =COUNTIF(Trabajadores!$B$5:$B$499,A7) -> 18 | C7: =COUNTIFS(Trabajadores!$B$5:$B$499,A7,Trabajadores!$C$5:$C$499,">="&DATE(2026,1,1),Trabajadores!$C$5:$C$499,"<="&DATE(2026,12,31)) -> 1 | D7: =SUMIF(Trabajadores!$B$5:$B$499,A7,Trabajadores!$D$5:$D$499) -> 256 | E7: =SUMIF(Trabajadores!$B$5:$B$499,A7,Trabajadores!$E$5:$E$499) -> 83 | F7: =D7-E7 -> 173 | G7: =IFERROR(E7/D7,0) -> 0.32421875
A8: CUERNAVACA | B8: =COUNTIF(Trabajadores!$B$5:$B$499,A8) -> 5 | C8: =COUNTIFS(Trabajadores!$B$5:$B$499,A8,Trabajadores!$C$5:$C$499,">="&DATE(2026,1,1),Trabajadores!$C$5:$C$499,"<="&DATE(2026,12,31)) -> 4 | D8: =SUMIF(Trabajadores!$B$5:$B$499,A8,Trabajadores!$D$5:$D$499) -> 64 | E8: =SUMIF(Trabajadores!$B$5:$B$499,A8,Trabajadores!$E$5:$E$499) -> 3 | F8: =D8-E8 -> 61 | G8: =IFERROR(E8/D8,0) -> 0.046875
A9: HUAMANTLA | B9: =COUNTIF(Trabajadores!$B$5:$B$499,A9) -> 7 | C9: =COUNTIFS(Trabajadores!$B$5:$B$499,A9,Trabajadores!$C$5:$C$499,">="&DATE(2026,1,1),Trabajadores!$C$5:$C$499,"<="&DATE(2026,12,31)) -> 6 | D9: =SUMIF(Trabajadores!$B$5:$B$499,A9,Trabajadores!$D$5:$D$499) -> 92 | E9: =SUMIF(Trabajadores!$B$5:$B$499,A9,Trabajadores!$E$5:$E$499) -> 6 | F9: =D9-E9 -> 86 | G9: =IFERROR(E9/D9,0) -> 0.065217391
A10: IXTLAHUACA | B10: =COUNTIF(Trabajadores!$B$5:$B$499,A10) -> 6 | C10: =COUNTIFS(Trabajadores!$B$5:$B$499,A10,Trabajadores!$C$5:$C$499,">="&DATE(2026,1,1),Trabajadores!$C$5:$C$499,"<="&DATE(2026,12,31)) -> 3 | D10: =SUMIF(Trabajadores!$B$5:$B$499,A10,Trabajadores!$D$5:$D$499) -> 72 | E10: =SUMIF(Trabajadores!$B$5:$B$499,A10,Trabajadores!$E$5:$E$499) -> 14 | F10: =D10-E10 -> 58 | G10: =IFERROR(E10/D10,0) -> 0.19444444
A11: MIACATLAN | B11: =COUNTIF(Trabajadores!$B$5:$B$499,A11) -> 7 | C11: =COUNTIFS(Trabajadores!$B$5:$B$499,A11,Trabajadores!$C$5:$C$499,">="&DATE(2026,1,1),Trabajadores!$C$5:$C$499,"<="&DATE(2026,12,31)) -> 5 | D11: =SUMIF(Trabajadores!$B$5:$B$499,A11,Trabajadores!$D$5:$D$499) -> 84 | E11: =SUMIF(Trabajadores!$B$5:$B$499,A11,Trabajadores!$E$5:$E$499) -> 0 | F11: =D11-E11 -> 84 | G11: =IFERROR(E11/D11,0) -> 0
A12: ORIZABA | B12: =COUNTIF(Trabajadores!$B$5:$B$499,A12) -> 19 | C12: =COUNTIFS(Trabajadores!$B$5:$B$499,A12,Trabajadores!$C$5:$C$499,">="&DATE(2026,1,1),Trabajadores!$C$5:$C$499,"<="&DATE(2026,12,31)) -> 4 | D12: =SUMIF(Trabajadores!$B$5:$B$499,A12,Trabajadores!$D$5:$D$499) -> 302 | E12: =SUMIF(Trabajadores!$B$5:$B$499,A12,Trabajadores!$E$5:$E$499) -> 61 | F12: =D12-E12 -> 241 | G12: =IFERROR(E12/D12,0) -> 0.20198675
A13: SAN LUIS P | B13: =COUNTIF(Trabajadores!$B$5:$B$499,A13) -> 6 | C13: =COUNTIFS(Trabajadores!$B$5:$B$499,A13,Trabajadores!$C$5:$C$499,">="&DATE(2026,1,1),Trabajadores!$C$5:$C$499,"<="&DATE(2026,12,31)) -> 5 | D13: =SUMIF(Trabajadores!$B$5:$B$499,A13,Trabajadores!$D$5:$D$499) -> 74 | E13: =SUMIF(Trabajadores!$B$5:$B$499,A13,Trabajadores!$E$5:$E$499) -> 14 | F13: =D13-E13 -> 60 | G13: =IFERROR(E13/D13,0) -> 0.18918919
A14: TLAXCALA | B14: =COUNTIF(Trabajadores!$B$5:$B$499,A14) -> 10 | C14: =COUNTIFS(Trabajadores!$B$5:$B$499,A14,Trabajadores!$C$5:$C$499,">="&DATE(2026,1,1),Trabajadores!$C$5:$C$499,"<="&DATE(2026,12,31)) -> 2 | D14: =SUMIF(Trabajadores!$B$5:$B$499,A14,Trabajadores!$D$5:$D$499) -> 130 | E14: =SUMIF(Trabajadores!$B$5:$B$499,A14,Trabajadores!$E$5:$E$499) -> 38 | F14: =D14-E14 -> 92 | G14: =IFERROR(E14/D14,0) -> 0.29230769
A15: TULA | B15: =COUNTIF(Trabajadores!$B$5:$B$499,A15) -> 10 | C15: =COUNTIFS(Trabajadores!$B$5:$B$499,A15,Trabajadores!$C$5:$C$499,">="&DATE(2026,1,1),Trabajadores!$C$5:$C$499,"<="&DATE(2026,12,31)) -> 5 | D15: =SUMIF(Trabajadores!$B$5:$B$499,A15,Trabajadores!$D$5:$D$499) -> 134 | E15: =SUMIF(Trabajadores!$B$5:$B$499,A15,Trabajadores!$E$5:$E$499) -> 18 | F15: =D15-E15 -> 116 | G15: =IFERROR(E15/D15,0) -> 0.13432836
A16: TOTAL | B16: =SUM(B5:B15) -> 100 | C16: =SUM(C5:C15) -> 41 | D16: =SUM(D5:D15) -> 1370 | E16: =SUM(E5:E15) -> 261 | F16: =SUM(F5:F15) -> 1109 | G16: =IFERROR(E16/D16,0) -> 0.19051095
A18: Control: trabajadores hoja vs. resumen | B18: =IF(B16=COUNTA(Trabajadores!$A$5:$A$499),"OK","REVISAR") -> REVISAR
A20: Los totales se calculan con fórmulas desde la hoja Trabajadores (texto verde = vínculo a otra hoja).
